date,pm10,pm2_5,carbon_monoxide,nitrogen_dioxide,sulphur_dioxide,ozone,aerosol_optical_depth,dust,uv_index,uv_index_clear_sky,european_aqi,european_aqi_pm2_5,european_aqi_pm10,european_aqi_nitrogen_dioxide,european_aqi_ozone,european_aqi_sulphur_dioxide,us_aqi,us_aqi_pm2_5,us_aqi_pm10,us_aqi_nitrogen_dioxide,us_aqi_carbon_monoxide,us_aqi_ozone,us_aqi_sulphur_dioxide
2024-08-20 00:00:00+00:00,16.1,11.4,197.0,6.3,0.7,49.0,0.37,0.0,0.0,0.0,19.6,16.25,11.204166,3.15,19.6,0.14,33.854164,33.854164,10.185606,3.1028368,0.6199678,11.324984,0.38167942
2024-08-20 01:00:00+00:00,16.4,11.1,189.0,7.0,1.3,58.0,0.37,0.0,0.0,0.0,23.199999,16.908333,11.645833,3.5,23.199999,0.26,35.225693,35.225693,10.587121,3.4475963,0.6260064,10.474645,0.70883316
2024-08-20 02:00:00+00:00,16.5,10.5,187.0,7.3,1.2,56.0,0.37,0.0,0.0,0.0,22.4,17.533333,12.083332,3.65,22.4,0.24000001,36.52778,36.52778,10.984848,3.5953507,0.62922704,9.875541,0.65430754
2024-08-20 03:00:00+00:00,16.8,10.6,186.0,6.7,1.2,55.0,0.36,0.0,0.0,0.0,22.0,18.108332,12.504166,3.35,22.0,0.24000001,37.72569,37.72569,11.367423,3.2998424,0.62801933,9.295764,0.65430754
2024-08-20 04:00:00+00:00,17.6,10.6,186.0,8.7,1.2,54.0,0.35,0.0,0.0,0.0,21.6,18.575,12.899999,4.35,21.6,0.24000001,38.697918,38.697918,11.727271,4.2848697,0.62520134,8.889918,0.65430754
2024-08-20 05:00:00+00:00,17.8,10.6,196.0,12.3,1.6,52.0,0.35,0.0,0.2,0.2,20.8,18.983334,13.3125,6.15,20.8,0.32000002,39.54861,39.54861,12.102272,6.05792,0.62077296,8.638683,0.87241006
2024-08-20 06:00:00+00:00,17.0,10.8,217.0,12.0,1.8,54.0,0.33,0.0,0.6,0.6,21.6,19.325,13.6416645,6.0,21.6,0.35999998,40.260418,40.260418,12.401514,5.910166,0.6191627,8.445424,0.98146135
2024-08-20 07:00:00+00:00,14.8,9.9,216.0,11.1,2.3,59.0,0.33,0.0,1.35,1.35,23.600002,19.516668,13.866665,5.55,23.600002,0.46,40.659725,40.659725,12.606059,5.466903,0.62640905,8.368119,1.2540895
2024-08-20 08:00:00+00:00,13.1,9.9,204.0,7.0,1.9,69.0,0.31,0.0,2.45,2.45,27.6,19.641668,14.004166,3.5,27.6,0.38,40.920143,40.920143,12.73106,3.4475963,0.63365537,8.445424,1.0359869
2024-08-20 09:00:00+00:00,11.9,9.5,190.0,5.4,1.8,84.0,0.3,0.0,3.55,3.55,33.600002,19.783335,14.070833,2.7,33.600002,0.35999998,41.21528,41.21528,12.791666,2.6595745,0.6364734,8.831942,0.98146135
2024-08-20 10:00:00+00:00,11.7,9.1,185.0,3.9,1.5,94.0,0.31,0.0,4.45,4.45,37.6,19.858334,14.095833,1.95,37.6,0.29999998,41.37153,41.37153,12.814394,1.9208038,0.636876,9.334415,0.8178845
2024-08-20 11:00:00+00:00,11.4,8.2,182.0,3.8,1.5,98.0,0.32,0.0,4.1,4.75,39.2,19.925001,14.120834,1.9,39.2,0.29999998,41.510418,41.510418,12.837121,1.8715523,0.63607085,10.0688,0.8178845
2024-08-20 12:00:00+00:00,10.8,7.3,176.0,3.7,1.6,97.0,0.31,0.0,3.95,4.5,38.800003,19.95,14.133331,1.85,38.800003,0.32000002,41.5625,41.5625,12.848484,1.822301,0.6344605,10.899815,0.87241006
2024-08-20 13:00:00+00:00,10.5,6.5,166.0,3.7,1.6,96.0,0.28,1.0,3.05,3.65,38.4,19.84167,14.116667,1.85,38.4,0.32000002,41.33681,41.33681,12.833333,1.822301,0.6304348,11.730828,0.87241006
2024-08-20 14:00:00+00:00,10.2,5.9,167.0,4.4,1.6,98.0,0.29,1.0,1.85,2.5,39.2,19.658335,14.075001,2.2,39.2,0.32000002,40.954865,40.954865,12.795454,2.1670606,0.6183575,12.581169,0.87241006
2024-08-20 15:00:00+00:00,10.1,5.9,170.0,6.2,1.5,98.0,0.28,1.0,0.9,1.45,39.2,19.425001,14.012501,3.1,39.2,0.29999998,40.468754,40.468754,12.738638,3.0535855,0.5982287,13.431509,0.8178845
2024-08-20 16:00:00+00:00,9.6,7.5,171.0,7.0,1.6,95.0,0.27,1.0,0.45,0.65,38.0,19.166666,13.945835,3.5,38.0,0.32000002,39.930553,39.930553,12.678032,3.4475963,0.5797102,14.18522,0.87241006
2024-08-20 17:00:00+00:00,10.0,9.1,175.0,8.1,1.7,93.0,0.29,1.0,0.15,0.2,37.2,18.999998,13.841668,4.05,37.2,0.34000003,39.58333,39.58333,12.583335,3.989362,0.5664251,14.687693,0.9269358
2024-08-20 18:00:00+00:00,10.4,8.4,177.0,9.4,1.9,90.0,0.29,1.0,0.0,0.0,36.0,18.983332,13.737502,4.7,36.0,0.38,39.548607,39.548607,12.488639,4.6296296,0.5603865,14.861627,1.0359869
2024-08-20 19:00:00+00:00,11.1,9.2,187.0,10.9,2.0,76.0,0.33,1.0,0.0,0.0,30.4,18.899998,13.641667,5.45,30.4,0.39999998,39.374996,39.374996,12.401516,5.3684,0.55716586,14.784323,1.0905126
2024-08-20 20:00:00+00:00,11.8,9.2,182.0,13.4,2.2,62.0,0.38,1.0,0.0,0.0,24.8,18.808332,13.541668,6.7,24.8,0.44,39.184025,39.184025,12.310607,6.5996847,0.5591787,14.359152,1.1995639
2024-08-20 21:00:00+00:00,11.6,9.5,186.0,13.6,1.8,71.0,0.42,1.0,0.0,0.0,28.4,18.691666,13.441667,6.8,28.4,0.35999998,38.940968,38.940968,12.219697,6.6981874,0.56159425,13.682745,0.98146135
2024-08-20 22:00:00+00:00,12.3,8.9,180.0,12.8,1.8,59.0,0.47,1.0,0.0,0.0,23.600002,18.591665,13.3125,6.3999996,23.600002,0.35999998,38.732635,38.732635,12.102272,6.304177,0.56964576,13.199597,0.98146135
2024-08-20 23:00:00+00:00,11.5,9.5,183.0,11.9,1.2,60.0,0.5,1.0,0.0,0.0,24.0,18.416666,13.158333,5.95,24.0,0.24000001,38.368053,38.368053,11.962121,5.860914,0.5748792,12.445888,0.65430754
2024-08-21 00:00:00+00:00,11.8,9.3,175.0,9.2,1.0,66.0,0.53,1.0,0.0,0.0,26.399998,18.258331,12.958332,4.6,26.399998,0.19999999,38.038193,38.038193,11.780302,4.531127,0.58011276,11.711503,0.5452563
2024-08-21 01:00:00+00:00,12.3,9.7,175.0,6.8,0.9,69.0,0.59,1.0,0.0,0.0,27.6,18.083332,12.779167,3.4,27.6,0.17999999,37.673607,37.673607,11.617424,3.3490937,0.58172303,11.151051,0.49073067
2024-08-21 02:00:00+00:00,12.0,10.1,180.0,6.2,0.9,69.0,0.57,1.0,0.0,0.0,27.6,17.966665,12.608333,3.1,27.6,0.17999999,37.430553,37.430553,11.462121,3.0535855,0.58172303,10.687229,0.49073067
2024-08-21 03:00:00+00:00,12.1,9.7,181.0,8.5,0.9,66.0,0.52,1.0,0.0,0.0,26.399998,17.933332,12.420834,4.25,26.399998,0.17999999,37.36111,37.36111,11.291666,4.186367,0.58293074,10.281384,0.49073067
2024-08-21 04:00:00+00:00,10.2,8.8,184.0,7.6,1.0,63.0,0.55,1.0,0.0,0.0,25.2,17.858332,12.225,3.8,25.2,0.19999999,37.204857,37.204857,11.113638,3.7431047,0.58051527,10.088125,0.5452563
2024-08-21 05:00:00+00:00,11.7,10.6,203.0,9.1,1.4,67.0,0.65,1.0,0.15,0.15,26.800001,17.708334,11.916668,4.55,26.800001,0.28,36.892365,36.892365,10.833334,4.481876,0.5813205,10.107451,0.76335883
2024-08-21 06:00:00+00:00,13.2,9.0,226.0,8.9,0.8,71.0,0.87,0.0,0.35,0.45,28.4,17.708334,11.662502,4.45,28.4,0.16000001,36.892365,36.892365,10.602275,4.3833723,0.58816427,10.0301485,0.43620503
2024-08-21 07:00:00+00:00,11.4,8.1,213.0,7.3,0.6,63.0,0.81,0.0,0.85,1.1,25.2,17.558334,11.5041685,3.65,25.2,0.120000005,36.57986,36.57986,10.458335,3.5953507,0.6066828,10.262059,0.32715377
2024-08-21 08:00:00+00:00,9.7,8.4,202.0,5.4,0.5,65.0,0.46,0.0,2.05,2.25,26.0,17.408335,11.3625,2.7,26.0,0.099999994,36.267365,36.267365,10.329545,2.6595745,0.61876005,10.320037,0.27262816
2024-08-21 09:00:00+00:00,8.2,6.1,185.0,4.2,0.5,69.0,0.26,0.0,3.05,3.45,27.6,17.283335,11.220835,2.1,27.6,0.099999994,36.006947,36.006947,10.200758,2.0685577,0.6296296,10.300712,0.27262816
2024-08-21 10:00:00+00:00,7.2,5.4,166.0,3.5,0.6,77.0,0.18,0.0,3.6,4.15,30.8,17.000002,11.066667,1.75,30.8,0.120000005,35.41667,35.41667,10.060606,1.7237982,0.63365537,10.300712,0.32715377
2024-08-21 11:00:00+00:00,8.7,5.9,169.0,2.9,0.6,83.0,0.15,0.0,3.8,4.35,33.2,16.691668,10.879166,1.45,33.2,0.120000005,34.774307,34.774307,9.890152,1.4282901,0.62801933,10.4553175,0.32715377
2024-08-21 12:00:00+00:00,8.9,5.3,168.0,2.5,0.6,82.0,0.14,0.0,3.55,4.1,32.8,16.5,10.766666,1.25,32.8,0.120000005,34.375,34.375,9.787878,1.2312845,0.6231884,10.783858,0.32715377
2024-08-21 13:00:00+00:00,9.4,4.4,165.0,2.8,0.5,80.0,0.12,0.0,3.05,3.35,32.0,16.333334,10.6875,1.4,32.0,0.099999994,34.02778,34.02778,9.715909,1.3790386,0.6167472,11.151051,0.27262816
2024-08-21 14:00:00+00:00,8.3,4.4,163.0,3.4,0.6,81.0,0.1,0.0,2.1,2.3,32.4,16.158333,10.641665,1.7,32.4,0.120000005,33.663193,33.663193,9.674241,1.6745468,0.6014493,11.402288,0.32715377
2024-08-21 15:00:00+00:00,8.5,4.1,166.0,3.8,0.5,80.0,0.1,0.0,1.25,1.3,32.0,16.03333,10.562498,1.9,32.0,0.099999994,33.402775,33.402775,9.602272,1.8715523,0.57608694,11.595547,0.27262816
2024-08-21 16:00:00+00:00,8.2,4.4,169.0,4.4,0.6,79.0,0.11,0.0,0.55,0.6,31.599998,15.883332,10.495832,2.2,31.599998,0.120000005,33.090275,33.090275,9.541666,2.1670606,0.55716586,11.924088,0.32715377
2024-08-21 17:00:00+00:00,8.6,4.2,171.0,5.1,0.6,75.0,0.12,0.0,0.15,0.2,30.0,15.624999,10.437499,2.55,30.0,0.120000005,32.552082,32.552082,9.488635,2.5118203,0.5438808,12.19465,0.32715377
2024-08-21 18:00:00+00:00,8.0,3.6,164.0,6.4,0.8,72.0,0.13,0.0,0.0,0.0,28.800001,15.216664,10.379166,3.1999998,28.800001,0.16000001,31.701384,31.701384,9.435605,3.1520884,0.5382447,12.310605,0.43620503
2024-08-21 19:00:00+00:00,7.6,3.7,168.0,6.8,0.7,68.0,0.12,0.0,0.0,0.0,27.2,14.816665,10.279165,3.4,27.2,0.14,30.86805,30.86805,9.344695,3.3490937,0.53743964,12.213977,0.38167942
2024-08-21 20:00:00+00:00,7.8,3.8,174.0,7.5,0.7,65.0,0.11,0.0,0.0,0.0,26.0,14.358331,10.133332,3.75,26.0,0.14,29.91319,29.91319,9.21212,3.6938534,0.537037,11.924088,0.38167942
2024-08-21 21:00:00+00:00,8.2,4.7,179.0,9.1,0.8,61.0,0.09,0.0,0.0,0.0,24.400002,13.908333,9.966666,4.55,24.400002,0.16000001,28.975693,28.975693,9.060606,4.481876,0.5394525,11.595547,0.43620503
2024-08-21 22:00:00+00:00,8.7,5.4,181.0,10.5,0.7,56.0,0.08,0.0,0.0,0.0,22.4,13.508331,9.825,5.25,22.4,0.14,28.14236,28.14236,8.931818,5.171395,0.5450886,11.228355,0.38167942
2024-08-21 23:00:00+00:00,9.5,5.9,179.0,10.5,0.8,50.0,0.07,0.0,0.0,0.0,20.0,13.216666,9.674999,5.25,20.0,0.16000001,27.53472,27.53472,8.795454,5.171395,0.55233496,10.745207,0.43620503
2024-08-22 00:00:00+00:00,9.7,6.3,173.0,9.5,0.8,46.0,0.07,0.0,0.0,0.0,18.4,12.916665,9.591666,4.75,18.4,0.16000001,26.909718,26.909718,8.719697,4.678881,0.5575685,10.16543,0.43620503
2024-08-22 01:00:00+00:00,11.0,6.5,171.0,10.0,0.9,42.0,0.06,0.0,0.0,0.0,16.8,12.666665,9.504167,5.0,16.8,0.17999999,26.388887,26.388887,8.640151,4.925138,0.5591787,9.527675,0.49073067
2024-08-22 02:00:00+00:00,12.6,6.8,171.0,10.4,0.9,39.0,0.06,0.0,0.0,0.0,15.599999,12.399999,9.45,5.2,15.599999,0.17999999,25.83333,25.83333,8.590909,5.1221433,0.5591787,8.889918,0.49073067
2024-08-22 03:00:00+00:00,13.3,7.2,176.0,10.4,1.0,36.0,0.06,0.0,0.0,0.0,14.400001,12.125,9.475,5.2,14.400001,0.19999999,25.260416,25.260416,8.613636,5.1221433,0.56199676,8.252164,0.5452563
2024-08-22 04:00:00+00:00,14.7,7.8,198.0,14.2,1.3,32.0,0.06,0.0,0.0,0.0,12.799999,11.916667,9.525001,7.1,12.799999,0.26,24.82639,24.82639,8.659092,6.9936953,0.56521744,7.633735,0.70883316
2024-08-22 05:00:00+00:00,15.8,9.1,216.0,20.2,1.5,31.0,0.06,0.0,0.2,0.2,12.4,11.833333,9.712501,10.1,12.4,0.29999998,24.652777,24.652777,8.829546,9.948779,0.5748792,6.9959803,0.8178845
2024-08-22 06:00:00+00:00,16.3,11.1,275.0,20.9,1.7,32.0,0.07,0.0,0.65,0.7,12.799999,11.708334,9.883333,10.45,12.799999,0.34000003,24.39236,24.39236,8.984848,10.293538,0.5897746,6.4162025,0.9269358
2024-08-22 07:00:00+00:00,15.2,9.4,255.0,16.3,2.4,35.0,0.08,0.0,1.45,1.6,14.0,11.883335,10.012501,8.15,14.0,0.48000002,24.756948,24.756948,9.102272,8.027974,0.62761676,5.952381,1.3086151
2024-08-22 08:00:00+00:00,12.2,7.4,215.0,10.2,2.2,46.0,0.09,0.0,2.5,2.8,18.4,11.991668,10.170833,5.1,18.4,0.44,24.982641,24.982641,9.246211,5.0236406,0.65821254,5.662492,1.1995639
2024-08-22 09:00:00+00:00,11.2,6.7,191.0,8.1,1.9,58.0,0.1,0.0,3.35,4.05,23.199999,11.908333,10.275001,4.05,23.199999,0.38,24.809027,24.809027,9.34091,3.989362,0.6751208,5.662492,1.0359869
2024-08-22 10:00:00+00:00,9.7,6.2,178.0,5.4,1.4,66.0,0.1,0.0,4.4,4.95,26.399998,11.958333,10.4,2.7,26.399998,0.28,24.913193,24.913193,9.454545,2.6595745,0.68317235,5.971707,0.76335883
2024-08-22 11:00:00+00:00,9.2,6.0,175.0,4.7,1.1,74.0,0.11,0.0,5.0,5.35,29.6,12.025002,10.504168,2.35,29.6,0.22,25.052086,25.052086,9.549242,2.3148148,0.6859904,6.4935064,0.59978193
2024-08-22 12:00:00+00:00,8.9,5.8,177.0,4.2,1.2,82.0,0.11,0.0,4.75,4.95,32.8,12.033333,10.525,2.1,32.8,0.24000001,25.069443,25.069443,9.568182,2.0685577,0.6855878,7.227891,0.65430754
2024-08-22 13:00:00+00:00,8.6,5.6,175.0,4.1,1.3,86.0,0.12,0.0,3.8,4.0,34.4,12.075001,10.524999,2.05,34.4,0.26,25.15625,25.15625,9.568181,2.0193064,0.6771337,8.194186,0.70883316
2024-08-22 14:00:00+00:00,9.2,5.4,177.0,4.7,1.3,86.0,0.12,0.0,2.65,2.75,34.4,12.174999,10.491666,2.35,34.4,0.26,25.364584,25.364584,9.537878,2.3148148,0.660628,9.257112,0.70883316
2024-08-22 15:00:00+00:00,9.1,5.4,181.0,5.3,1.3,90.0,0.12,0.0,1.5,1.55,36.0,12.258331,10.529166,2.65,36.0,0.26,25.53819,25.53819,9.57197,2.6103232,0.6211755,10.300712,0.70883316
2024-08-22 16:00:00+00:00,9.9,5.9,195.0,7.9,1.5,90.0,0.12,0.0,0.65,0.65,36.0,12.366666,10.554166,3.95,36.0,0.29999998,25.763887,25.763887,9.594696,3.8908594,0.5913848,11.363637,0.8178845
2024-08-22 17:00:00+00:00,10.1,5.9,203.0,9.4,1.7,81.0,0.11,0.0,0.2,0.2,32.4,12.491665,10.624999,4.7,32.4,0.34000003,26.024303,26.024303,9.65909,4.6296296,0.5833333,12.213977,0.9269358
2024-08-22 18:00:00+00:00,10.8,7.0,199.0,10.8,1.6,80.0,0.11,0.0,0.0,0.0,32.0,12.633331,10.687499,5.4,32.0,0.32000002,26.31944,26.31944,9.715908,5.319149,0.58816427,12.658472,0.87241006
2024-08-22 19:00:00+00:00,10.6,6.8,206.0,15.0,1.6,70.0,0.11,0.0,0.0,0.0,28.0,12.916664,10.804166,7.5,28.0,0.32000002,26.909718,26.909718,9.821969,7.3877068,0.59661835,12.929034,0.87241006
2024-08-22 20:00:00+00:00,11.1,6.9,204.0,13.5,1.4,58.0,0.12,0.0,0.0,0.0,23.199999,13.174999,10.929166,6.75,23.199999,0.28,27.447914,27.447914,9.935606,6.6489363,0.60909826,12.851731,0.76335883
2024-08-22 21:00:00+00:00,10.7,6.8,206.0,14.0,1.0,64.0,0.13,0.0,0.0,0.0,25.599998,13.4333315,11.066667,7.0,25.599998,0.19999999,27.986107,27.986107,10.060606,6.8951926,0.6199678,12.38791,0.5452563
2024-08-22 22:00:00+00:00,10.6,7.1,198.0,11.7,1.0,62.0,0.14,0.0,0.0,0.0,24.8,13.608333,11.170834,5.85,24.8,0.19999999,28.350693,28.350693,10.155303,5.7624116,0.6324477,11.962739,0.5452563
2024-08-22 23:00:00+00:00,11.4,8.2,196.0,10.0,1.1,55.0,0.14,0.0,0.0,0.0,22.0,13.75,11.250001,5.0,22.0,0.22,28.645834,28.645834,10.227273,4.925138,0.6409018,11.498917,0.59978193
2024-08-23 00:00:00+00:00,11.0,8.6,194.0,9.0,1.1,58.0,0.14,0.0,0.0,0.0,23.199999,13.941668,11.329166,4.5,23.199999,0.22,29.045137,29.045137,10.299242,4.432624,0.6469404,10.822512,0.59978193
2024-08-23 01:00:00+00:00,15.8,11.0,191.0,11.3,2.5,46.0,0.14,0.0,0.0,0.0,14.133334,14.133334,11.383334,5.65,18.4,0.5,29.444447,29.444447,10.348485,5.565406,0.64653784,10.204082,1.3631408
2024-08-23 02:00:00+00:00,14.6,10.2,187.0,10.5,2.4,44.0,0.13,0.0,0.0,0.0,19.741667,19.741667,14.362498,5.25,17.6,0.48000002,41.12847,41.12847,13.056816,5.171395,0.65257645,8.097558,1.3086151
2024-08-23 03:00:00+00:00,13.5,9.5,186.0,10.0,2.4,42.0,0.13,0.0,0.0,0.0,20.133333,20.133333,14.629166,5.0,16.8,0.48000002,41.944443,41.944443,13.299242,4.925138,0.64975846,7.556432,1.3086151
2024-08-23 04:00:00+00:00,12.7,8.8,189.0,9.8,2.4,38.0,0.14,0.0,0.0,0.0,20.466667,20.466667,14.841666,4.9,15.2,0.48000002,42.638885,42.638885,13.492423,4.8266354,0.6433173,7.1505876,1.3086151
2024-08-23 05:00:00+00:00,12.3,8.6,193.0,9.8,2.3,33.0,0.16,0.0,0.15,0.15,20.716667,20.716667,15.004167,4.9,13.200001,0.46,43.15972,43.15972,13.640152,4.8266354,0.63486314,6.8606987,1.2540895
2024-08-23 06:00:00+00:00,13.2,9.2,197.0,9.5,2.4,35.0,0.19,0.0,0.6,0.6,20.908335,20.908335,15.120832,4.75,14.0,0.48000002,43.55903,43.55903,13.746212,4.678881,0.62640905,6.5901356,1.3086151
2024-08-23 07:00:00+00:00,14.0,9.8,198.0,8.6,2.6,48.0,0.23,0.0,1.4,1.4,21.066668,21.066668,15.208332,4.3,19.199999,0.52,43.88889,43.88889,13.825758,4.2356186,0.62077296,6.396877,1.4176663
2024-08-23 08:00:00+00:00,15.0,10.5,199.0,7.3,2.9,66.0,0.27,0.0,2.45,2.45,26.399998,21.25,15.308333,3.65,26.399998,0.58000004,44.270836,44.270836,13.916667,3.5953507,0.61876005,6.4355283,1.5812433
2024-08-23 09:00:00+00:00,15.9,11.1,197.0,6.0,3.0,83.0,0.3,0.0,3.55,3.6,33.2,21.525,15.474998,3.0,33.2,0.59999996,44.84375,44.84375,14.068182,2.955083,0.6199678,6.8027215,1.635769
2024-08-23 10:00:00+00:00,15.7,10.9,192.0,4.4,2.7,96.0,0.33,0.0,4.4,4.45,38.4,21.800001,15.650001,2.2,38.4,0.54,45.416668,45.416668,14.227273,2.1670606,0.6223833,7.51778,1.4721919
2024-08-23 11:00:00+00:00,14.3,10.0,185.0,2.8,2.2,107.0,0.34,0.0,4.75,4.75,44.666668,22.008333,15.783334,1.4,44.666668,0.44,45.850693,45.850693,14.348485,1.3790386,0.6243961,8.522727,1.1995639
2024-08-23 12:00:00+00:00,13.0,9.1,181.0,1.8,1.8,113.0,0.33,0.0,4.5,4.5,48.666668,22.083336,15.820835,0.9,48.666668,0.35999998,46.006947,46.006947,14.382577,0.88652486,0.62399364,9.778912,0.98146135
2024-08-23 13:00:00+00:00,12.1,8.4,180.0,1.5,1.6,114.0,0.29,0.0,3.3,3.7,49.333336,22.033333,15.775002,0.75,49.333336,0.32000002,45.90278,45.90278,14.34091,0.7387707,0.62077296,11.228355,0.87241006
2024-08-23 14:00:00+00:00,11.3,7.9,181.0,1.9,1.5,110.0,0.26,0.0,1.85,2.55,46.666664,21.883333,15.6625,0.95,46.666664,0.29999998,45.59028,45.59028,14.238638,0.9357762,0.6155395,12.793754,0.8178845
2024-08-23 15:00:00+00:00,10.9,7.6,185.0,3.5,1.6,103.0,0.24,0.0,1.05,1.45,42.0,21.658333,15.5,1.75,42.0,0.32000002,45.12153,45.12153,14.090909,1.7237982,0.60909826,14.243197,0.87241006
2024-08-23 16:00:00+00:00,11.6,8.0,195.0,7.6,1.9,92.0,0.23,0.0,0.55,0.6,36.8,21.416666,15.324998,3.8,36.8,0.38,44.618053,44.618053,13.931817,3.7431047,0.6038648,15.306123,1.0359869
2024-08-23 17:00:00+00:00,12.9,8.9,208.0,12.9,2.3,77.0,0.22,0.0,0.15,0.15,30.8,21.216667,15.191666,6.45,30.8,0.46,44.20139,44.20139,13.810605,6.3534274,0.60225445,15.808594,1.2540895
2024-08-23 18:00:00+00:00,15.3,10.6,217.0,16.6,2.6,66.0,0.21,0.0,0.0,0.0,26.399998,21.091667,15.108333,8.3,26.399998,0.52,43.94097,43.94097,13.734847,8.175729,0.6066828,15.692639,1.4176663
2024-08-23 19:00:00+00:00,16.7,11.6,219.0,17.1,2.8,60.0,0.2,0.0,0.0,0.0,24.0,20.975,15.029164,8.55,24.0,0.56,43.697918,43.697918,13.662876,8.421987,0.6167472,15.112864,1.5267177
2024-08-23 20:00:00+00:00,15.9,11.1,218.0,15.9,2.8,57.0,0.18,0.0,0.0,0.0,22.8,20.725,14.854166,7.95,22.8,0.56,43.177082,43.177082,13.503788,7.8309693,0.6304348,14.204545,1.5267177
2024-08-23 21:00:00+00:00,14.5,10.1,215.0,14.4,2.8,56.0,0.17,0.0,0.0,0.0,22.4,20.416664,14.633332,7.2,22.4,0.56,42.53472,42.53472,13.30303,7.092199,0.6453301,13.122294,1.5267177
2024-08-23 22:00:00+00:00,13.3,9.3,210.0,12.7,2.6,57.0,0.16,0.0,0.0,0.0,22.8,20.083334,14.400001,6.35,22.8,0.52,41.84028,41.84028,13.09091,6.254925,0.6594203,12.001391,1.4176663
2024-08-23 23:00:00+00:00,12.6,8.8,204.0,10.7,2.4,59.0,0.15,0.0,0.0,0.0,23.600002,19.733335,14.149999,5.3499994,23.600002,0.48000002,41.111115,41.111115,12.863634,5.2698975,0.6710951,10.977118,1.3086151
2024-08-24 00:00:00+00:00,12.2,8.5,199.0,9.2,2.2,60.0,0.14,0.0,0.0,0.0,24.0,19.408335,13.916666,4.6,24.0,0.44,40.43403,40.43403,12.651515,4.531127,0.67874396,10.126778,1.1995639
2024-08-24 01:00:00+00:00,12.0,8.4,197.0,8.5,2.1,59.0,0.13,0.0,0.0,0.0,23.600002,19.125002,13.720835,4.25,23.600002,0.42,39.843754,39.843754,12.473486,4.186367,0.6803543,9.508349,1.1450382
2024-08-24 02:00:00+00:00,11.9,8.3,196.0,8.3,2.1,56.0,0.13,0.0,0.0,0.0,22.4,18.908335,13.5625,4.15,22.4,0.42,39.392365,39.392365,12.329546,4.0878644,0.6759259,9.160482,1.1450382
2024-08-24 03:00:00+00:00,11.9,8.3,196.0,8.2,2.1,53.0,0.13,0.0,0.0,0.0,21.199999,18.750002,13.450001,4.1,21.199999,0.42,39.062504,39.062504,12.227272,4.038613,0.6674719,8.967224,1.1450382
2024-08-24 04:00:00+00:00,12.0,8.4,199.0,8.4,2.2,49.0,0.13,0.0,0.0,0.0,19.6,18.650003,13.383332,4.2,19.6,0.44,38.85417,38.85417,12.166665,4.1371155,0.65821254,8.831942,1.1995639
2024-08-24 05:00:00+00:00,12.4,8.6,203.0,8.8,2.3,45.0,0.14,0.0,0.15,0.2,18.616669,18.616669,13.354167,4.4,18.0,0.46,38.78473,38.78473,12.140152,4.334121,0.65056366,8.677335,1.2540895
2024-08-24 06:00:00+00:00,13.5,9.4,204.0,8.6,2.4,45.0,0.13,0.0,0.65,0.65,18.616669,18.616669,13.358334,4.3,18.0,0.48000002,38.78473,38.78473,12.143939,4.2356186,0.6457327,8.464749,1.3086151
2024-08-24 07:00:00+00:00,14.4,10.0,200.0,7.2,2.3,54.0,0.13,0.0,1.5,1.5,21.6,18.633333,13.370833,3.6,21.6,0.46,38.819443,38.819443,12.155303,3.5460994,0.6433173,8.232838,1.2540895
2024-08-24 08:00:00+00:00,14.0,9.7,192.0,5.1,2.1,68.0,0.13,0.0,2.7,2.7,27.2,18.65,13.3875,2.55,27.2,0.42,38.854168,38.854168,12.170454,2.5118203,0.6417069,8.136209,1.1450382
2024-08-24 09:00:00+00:00,11.0,7.5,187.0,3.4,1.9,79.0,0.13,0.0,4.0,4.0,31.599998,18.583332,13.345833,1.7,31.599998,0.38,38.715275,38.715275,12.132575,1.6745468,0.6388889,8.290816,1.0359869
2024-08-24 10:00:00+00:00,9.7,6.6,185.0,2.5,1.6,84.0,0.14,0.0,4.95,4.95,33.600002,18.283333,13.141666,1.25,33.600002,0.32000002,38.09028,38.09028,11.946969,1.2312845,0.63486314,8.677335,0.87241006
2024-08-24 11:00:00+00:00,9.5,6.4,186.0,1.9,1.3,87.0,0.14,0.0,5.0,5.3,34.8,17.925,12.891666,0.95,34.8,0.26,37.34375,37.34375,11.719697,0.9357762,0.6304348,9.218459,0.70883316
2024-08-24 12:00:00+00:00,9.4,6.3,186.0,1.6,1.1,89.0,0.16,0.0,4.15,4.9,35.6,17.625,12.691668,0.79999995,35.6,0.22,36.71875,36.71875,11.537879,0.7880221,0.62640905,9.875541,0.59978193
2024-08-24 13:00:00+00:00,,,,,,,,,,,17.391666,17.391666,12.541665,,,,36.23264,36.23264,11.401514,,0.6211755,10.648578,
2024-08-24 14:00:00+00:00,,,,,,,,,,,,,,,,,,,,,,,
2024-08-24 15:00:00+00:00,,,,,,,,,,,,,,,,,,,,,,,
2024-08-24 16:00:00+00:00,,,,,,,,,,,,,,,,,,,,,,,
2024-08-24 17:00:00+00:00,,,,,,,,,,,,,,,,,,,,,,,
2024-08-24 18:00:00+00:00,,,,,,,,,,,,,,,,,,,,,,,
2024-08-24 19:00:00+00:00,,,,,,,,,,,,,,,,,,,,,,,
2024-08-24 20:00:00+00:00,,,,,,,,,,,,,,,,,,,,,,,
2024-08-24 21:00:00+00:00,,,,,,,,,,,,,,,,,,,,,,,
2024-08-24 22:00:00+00:00,,,,,,,,,,,,,,,,,,,,,,,
2024-08-24 23:00:00+00:00,,,,,,,,,,,,,,,,,,,,,,,
